"date_key","year","month","week","day_of_week","is_weekend","is_holiday","holiday_name","date_key_parsed","silver_load_ts"
"01-01-2023","2023","1","52","Sunday","TRUE","TRUE","New Year's Day","2023-01-01","2026-04-13 18:53:38.378 UTC"
"02-01-2023","2023","1","1","Monday","FALSE","TRUE","New Year's Day Observed","2023-01-02","2026-04-13 18:53:38.378 UTC"
"03-01-2023","2023","1","1","Tuesday","FALSE","FALSE",,"2023-01-03","2026-04-13 18:53:38.378 UTC"
"04-01-2023","2023","1","1","Wednesday","FALSE","FALSE",,"2023-01-04","2026-04-13 18:53:38.378 UTC"
"05-01-2023","2023","1","1","Thursday","FALSE","FALSE",,"2023-01-05","2026-04-13 18:53:38.378 UTC"
"06-01-2023","2023","1","1","Friday","FALSE","FALSE",,"2023-01-06","2026-04-13 18:53:38.378 UTC"
"07-01-2023","2023","1","1","Saturday","TRUE","FALSE",,"2023-01-07","2026-04-13 18:53:38.378 UTC"
"08-01-2023","2023","1","1","Sunday","TRUE","FALSE",,"2023-01-08","2026-04-13 18:53:38.378 UTC"
"09-01-2023","2023","1","2","Monday","FALSE","FALSE",,"2023-01-09","2026-04-13 18:53:38.378 UTC"
"10-01-2023","2023","1","2","Tuesday","FALSE","FALSE",,"2023-01-10","2026-04-13 18:53:38.378 UTC"
"11-01-2023","2023","1","2","Wednesday","FALSE","FALSE",,"2023-01-11","2026-04-13 18:53:38.378 UTC"
"12-01-2023","2023","1","2","Thursday","FALSE","FALSE",,"2023-01-12","2026-04-13 18:53:38.378 UTC"
"13-01-2023","2023","1","2","Friday","FALSE","FALSE",,"2023-01-13","2026-04-13 18:53:38.378 UTC"
"14-01-2023","2023","1","2","Saturday","TRUE","FALSE",,"2023-01-14","2026-04-13 18:53:38.378 UTC"
"15-01-2023","2023","1","2","Sunday","TRUE","FALSE",,"2023-01-15","2026-04-13 18:53:38.378 UTC"
"16-01-2023","2023","1","3","Monday","FALSE","TRUE","Martin Luther King Jr.","2023-01-16","2026-04-13 18:53:38.378 UTC"
"17-01-2023","2023","1","3","Tuesday","FALSE","FALSE",,"2023-01-17","2026-04-13 18:53:38.378 UTC"
"18-01-2023","2023","1","3","Wednesday","FALSE","FALSE",,"2023-01-18","2026-04-13 18:53:38.378 UTC"
"19-01-2023","2023","1","3","Thursday","FALSE","FALSE",,"2023-01-19","2026-04-13 18:53:38.378 UTC"
"20-01-2023","2023","1","3","Friday","FALSE","FALSE",,"2023-01-20","2026-04-13 18:53:38.378 UTC"
"21-01-2023","2023","1","3","Saturday","TRUE","FALSE",,"2023-01-21","2026-04-13 18:53:38.378 UTC"
"22-01-2023","2023","1","3","Sunday","TRUE","FALSE",,"2023-01-22","2026-04-13 18:53:38.378 UTC"
"23-01-2023","2023","1","4","Monday","FALSE","FALSE",,"2023-01-23","2026-04-13 18:53:38.378 UTC"
"24-01-2023","2023","1","4","Tuesday","FALSE","FALSE",,"2023-01-24","2026-04-13 18:53:38.378 UTC"
"25-01-2023","2023","1","4","Wednesday","FALSE","FALSE",,"2023-01-25","2026-04-13 18:53:38.378 UTC"
"26-01-2023","2023","1","4","Thursday","FALSE","FALSE",,"2023-01-26","2026-04-13 18:53:38.378 UTC"
"27-01-2023","2023","1","4","Friday","FALSE","FALSE",,"2023-01-27","2026-04-13 18:53:38.378 UTC"
"28-01-2023","2023","1","4","Saturday","TRUE","FALSE",,"2023-01-28","2026-04-13 18:53:38.378 UTC"
"29-01-2023","2023","1","4","Sunday","TRUE","FALSE",,"2023-01-29","2026-04-13 18:53:38.378 UTC"
"30-01-2023","2023","1","5","Monday","FALSE","FALSE",,"2023-01-30","2026-04-13 18:53:38.378 UTC"
"31-01-2023","2023","1","5","Tuesday","FALSE","FALSE",,"2023-01-31","2026-04-13 18:53:38.378 UTC"
"01-02-2023","2023","2","5","Wednesday","FALSE","FALSE",,"2023-02-01","2026-04-13 18:53:38.378 UTC"
"02-02-2023","2023","2","5","Thursday","FALSE","FALSE",,"2023-02-02","2026-04-13 18:53:38.378 UTC"
"03-02-2023","2023","2","5","Friday","FALSE","FALSE",,"2023-02-03","2026-04-13 18:53:38.378 UTC"
"04-02-2023","2023","2","5","Saturday","TRUE","FALSE",,"2023-02-04","2026-04-13 18:53:38.378 UTC"
"05-02-2023","2023","2","5","Sunday","TRUE","FALSE",,"2023-02-05","2026-04-13 18:53:38.378 UTC"
"06-02-2023","2023","2","6","Monday","FALSE","FALSE",,"2023-02-06","2026-04-13 18:53:38.378 UTC"
"07-02-2023","2023","2","6","Tuesday","FALSE","FALSE",,"2023-02-07","2026-04-13 18:53:38.378 UTC"
"08-02-2023","2023","2","6","Wednesday","FALSE","FALSE",,"2023-02-08","2026-04-13 18:53:38.378 UTC"
"09-02-2023","2023","2","6","Thursday","FALSE","FALSE",,"2023-02-09","2026-04-13 18:53:38.378 UTC"
"10-02-2023","2023","2","6","Friday","FALSE","FALSE",,"2023-02-10","2026-04-13 18:53:38.378 UTC"
"11-02-2023","2023","2","6","Saturday","TRUE","FALSE",,"2023-02-11","2026-04-13 18:53:38.378 UTC"
"12-02-2023","2023","2","6","Sunday","TRUE","FALSE",,"2023-02-12","2026-04-13 18:53:38.378 UTC"
"13-02-2023","2023","2","7","Monday","FALSE","FALSE",,"2023-02-13","2026-04-13 18:53:38.378 UTC"
"14-02-2023","2023","2","7","Tuesday","FALSE","FALSE",,"2023-02-14","2026-04-13 18:53:38.378 UTC"
"15-02-2023","2023","2","7","Wednesday","FALSE","FALSE",,"2023-02-15","2026-04-13 18:53:38.378 UTC"
"16-02-2023","2023","2","7","Thursday","FALSE","FALSE",,"2023-02-16","2026-04-13 18:53:38.378 UTC"
"17-02-2023","2023","2","7","Friday","FALSE","FALSE",,"2023-02-17","2026-04-13 18:53:38.378 UTC"
"18-02-2023","2023","2","7","Saturday","TRUE","FALSE",,"2023-02-18","2026-04-13 18:53:38.378 UTC"
"19-02-2023","2023","2","7","Sunday","TRUE","FALSE",,"2023-02-19","2026-04-13 18:53:38.378 UTC"
"20-02-2023","2023","2","8","Monday","FALSE","TRUE","Washington's Birthday","2023-02-20","2026-04-13 18:53:38.378 UTC"
"21-02-2023","2023","2","8","Tuesday","FALSE","FALSE",,"2023-02-21","2026-04-13 18:53:38.378 UTC"
"22-02-2023","2023","2","8","Wednesday","FALSE","FALSE",,"2023-02-22","2026-04-13 18:53:38.378 UTC"
"23-02-2023","2023","2","8","Thursday","FALSE","FALSE",,"2023-02-23","2026-04-13 18:53:38.378 UTC"
"24-02-2023","2023","2","8","Friday","FALSE","FALSE",,"2023-02-24","2026-04-13 18:53:38.378 UTC"
"25-02-2023","2023","2","8","Saturday","TRUE","FALSE",,"2023-02-25","2026-04-13 18:53:38.378 UTC"
"26-02-2023","2023","2","8","Sunday","TRUE","FALSE",,"2023-02-26","2026-04-13 18:53:38.378 UTC"
"27-02-2023","2023","2","9","Monday","FALSE","FALSE",,"2023-02-27","2026-04-13 18:53:38.378 UTC"
"28-02-2023","2023","2","9","Tuesday","FALSE","FALSE",,"2023-02-28","2026-04-13 18:53:38.378 UTC"
"01-03-2023","2023","3","9","Wednesday","FALSE","FALSE",,"2023-03-01","2026-04-13 18:53:38.378 UTC"
"02-03-2023","2023","3","9","Thursday","FALSE","FALSE",,"2023-03-02","2026-04-13 18:53:38.378 UTC"
"03-03-2023","2023","3","9","Friday","FALSE","FALSE",,"2023-03-03","2026-04-13 18:53:38.378 UTC"
"04-03-2023","2023","3","9","Saturday","TRUE","FALSE",,"2023-03-04","2026-04-13 18:53:38.378 UTC"
"05-03-2023","2023","3","9","Sunday","TRUE","FALSE",,"2023-03-05","2026-04-13 18:53:38.378 UTC"
"06-03-2023","2023","3","10","Monday","FALSE","FALSE",,"2023-03-06","2026-04-13 18:53:38.378 UTC"
"07-03-2023","2023","3","10","Tuesday","FALSE","FALSE",,"2023-03-07","2026-04-13 18:53:38.378 UTC"
"08-03-2023","2023","3","10","Wednesday","FALSE","FALSE",,"2023-03-08","2026-04-13 18:53:38.378 UTC"
"09-03-2023","2023","3","10","Thursday","FALSE","FALSE",,"2023-03-09","2026-04-13 18:53:38.378 UTC"
"10-03-2023","2023","3","10","Friday","FALSE","FALSE",,"2023-03-10","2026-04-13 18:53:38.378 UTC"
"11-03-2023","2023","3","10","Saturday","TRUE","FALSE",,"2023-03-11","2026-04-13 18:53:38.378 UTC"
"12-03-2023","2023","3","10","Sunday","TRUE","FALSE",,"2023-03-12","2026-04-13 18:53:38.378 UTC"
"13-03-2023","2023","3","11","Monday","FALSE","FALSE",,"2023-03-13","2026-04-13 18:53:38.378 UTC"
"14-03-2023","2023","3","11","Tuesday","FALSE","FALSE",,"2023-03-14","2026-04-13 18:53:38.378 UTC"
"15-03-2023","2023","3","11","Wednesday","FALSE","FALSE",,"2023-03-15","2026-04-13 18:53:38.378 UTC"
"16-03-2023","2023","3","11","Thursday","FALSE","FALSE",,"2023-03-16","2026-04-13 18:53:38.378 UTC"
"17-03-2023","2023","3","11","Friday","FALSE","FALSE",,"2023-03-17","2026-04-13 18:53:38.378 UTC"
"18-03-2023","2023","3","11","Saturday","TRUE","FALSE",,"2023-03-18","2026-04-13 18:53:38.378 UTC"
"19-03-2023","2023","3","11","Sunday","TRUE","FALSE",,"2023-03-19","2026-04-13 18:53:38.378 UTC"
"20-03-2023","2023","3","12","Monday","FALSE","FALSE",,"2023-03-20","2026-04-13 18:53:38.378 UTC"
"21-03-2023","2023","3","12","Tuesday","FALSE","FALSE",,"2023-03-21","2026-04-13 18:53:38.378 UTC"
"22-03-2023","2023","3","12","Wednesday","FALSE","FALSE",,"2023-03-22","2026-04-13 18:53:38.378 UTC"
"23-03-2023","2023","3","12","Thursday","FALSE","FALSE",,"2023-03-23","2026-04-13 18:53:38.378 UTC"
"24-03-2023","2023","3","12","Friday","FALSE","FALSE",,"2023-03-24","2026-04-13 18:53:38.378 UTC"
"25-03-2023","2023","3","12","Saturday","TRUE","FALSE",,"2023-03-25","2026-04-13 18:53:38.378 UTC"
"26-03-2023","2023","3","12","Sunday","TRUE","FALSE",,"2023-03-26","2026-04-13 18:53:38.378 UTC"
"27-03-2023","2023","3","13","Monday","FALSE","FALSE",,"2023-03-27","2026-04-13 18:53:38.378 UTC"
"28-03-2023","2023","3","13","Tuesday","FALSE","FALSE",,"2023-03-28","2026-04-13 18:53:38.378 UTC"
"29-03-2023","2023","3","13","Wednesday","FALSE","FALSE",,"2023-03-29","2026-04-13 18:53:38.378 UTC"
"30-03-2023","2023","3","13","Thursday","FALSE","FALSE",,"2023-03-30","2026-04-13 18:53:38.378 UTC"
"31-03-2023","2023","3","13","Friday","FALSE","FALSE",,"2023-03-31","2026-04-13 18:53:38.378 UTC"
"01-04-2023","2023","4","13","Saturday","TRUE","FALSE",,"2023-04-01","2026-04-13 18:53:38.378 UTC"
"02-04-2023","2023","4","13","Sunday","TRUE","FALSE",,"2023-04-02","2026-04-13 18:53:38.378 UTC"
"03-04-2023","2023","4","14","Monday","FALSE","FALSE",,"2023-04-03","2026-04-13 18:53:38.378 UTC"
"04-04-2023","2023","4","14","Tuesday","FALSE","FALSE",,"2023-04-04","2026-04-13 18:53:38.378 UTC"
"05-04-2023","2023","4","14","Wednesday","FALSE","FALSE",,"2023-04-05","2026-04-13 18:53:38.378 UTC"
"06-04-2023","2023","4","14","Thursday","FALSE","FALSE",,"2023-04-06","2026-04-13 18:53:38.378 UTC"
"07-04-2023","2023","4","14","Friday","FALSE","FALSE",,"2023-04-07","2026-04-13 18:53:38.378 UTC"
"08-04-2023","2023","4","14","Saturday","TRUE","FALSE",,"2023-04-08","2026-04-13 18:53:38.378 UTC"
"09-04-2023","2023","4","14","Sunday","TRUE","FALSE",,"2023-04-09","2026-04-13 18:53:38.378 UTC"
"10-04-2023","2023","4","15","Monday","FALSE","FALSE",,"2023-04-10","2026-04-13 18:53:38.378 UTC"
"11-04-2023","2023","4","15","Tuesday","FALSE","FALSE",,"2023-04-11","2026-04-13 18:53:38.378 UTC"
"12-04-2023","2023","4","15","Wednesday","FALSE","FALSE",,"2023-04-12","2026-04-13 18:53:38.378 UTC"
"13-04-2023","2023","4","15","Thursday","FALSE","FALSE",,"2023-04-13","2026-04-13 18:53:38.378 UTC"
"14-04-2023","2023","4","15","Friday","FALSE","FALSE",,"2023-04-14","2026-04-13 18:53:38.378 UTC"
"15-04-2023","2023","4","15","Saturday","TRUE","FALSE",,"2023-04-15","2026-04-13 18:53:38.378 UTC"
"16-04-2023","2023","4","15","Sunday","TRUE","FALSE",,"2023-04-16","2026-04-13 18:53:38.378 UTC"
"17-04-2023","2023","4","16","Monday","FALSE","FALSE",,"2023-04-17","2026-04-13 18:53:38.378 UTC"
"18-04-2023","2023","4","16","Tuesday","FALSE","FALSE",,"2023-04-18","2026-04-13 18:53:38.378 UTC"
"19-04-2023","2023","4","16","Wednesday","FALSE","FALSE",,"2023-04-19","2026-04-13 18:53:38.378 UTC"
"20-04-2023","2023","4","16","Thursday","FALSE","FALSE",,"2023-04-20","2026-04-13 18:53:38.378 UTC"
"21-04-2023","2023","4","16","Friday","FALSE","FALSE",,"2023-04-21","2026-04-13 18:53:38.378 UTC"
"22-04-2023","2023","4","16","Saturday","TRUE","FALSE",,"2023-04-22","2026-04-13 18:53:38.378 UTC"
"23-04-2023","2023","4","16","Sunday","TRUE","FALSE",,"2023-04-23","2026-04-13 18:53:38.378 UTC"
"24-04-2023","2023","4","17","Monday","FALSE","FALSE",,"2023-04-24","2026-04-13 18:53:38.378 UTC"
"25-04-2023","2023","4","17","Tuesday","FALSE","FALSE",,"2023-04-25","2026-04-13 18:53:38.378 UTC"
"26-04-2023","2023","4","17","Wednesday","FALSE","FALSE",,"2023-04-26","2026-04-13 18:53:38.378 UTC"
"27-04-2023","2023","4","17","Thursday","FALSE","FALSE",,"2023-04-27","2026-04-13 18:53:38.378 UTC"
"28-04-2023","2023","4","17","Friday","FALSE","FALSE",,"2023-04-28","2026-04-13 18:53:38.378 UTC"
"29-04-2023","2023","4","17","Saturday","TRUE","FALSE",,"2023-04-29","2026-04-13 18:53:38.378 UTC"
"30-04-2023","2023","4","17","Sunday","TRUE","FALSE",,"2023-04-30","2026-04-13 18:53:38.378 UTC"
"01-05-2023","2023","5","18","Monday","FALSE","FALSE",,"2023-05-01","2026-04-13 18:53:38.378 UTC"
"02-05-2023","2023","5","18","Tuesday","FALSE","FALSE",,"2023-05-02","2026-04-13 18:53:38.378 UTC"
"03-05-2023","2023","5","18","Wednesday","FALSE","FALSE",,"2023-05-03","2026-04-13 18:53:38.378 UTC"
"04-05-2023","2023","5","18","Thursday","FALSE","FALSE",,"2023-05-04","2026-04-13 18:53:38.378 UTC"
"05-05-2023","2023","5","18","Friday","FALSE","FALSE",,"2023-05-05","2026-04-13 18:53:38.378 UTC"
"06-05-2023","2023","5","18","Saturday","TRUE","FALSE",,"2023-05-06","2026-04-13 18:53:38.378 UTC"
"07-05-2023","2023","5","18","Sunday","TRUE","FALSE",,"2023-05-07","2026-04-13 18:53:38.378 UTC"
"08-05-2023","2023","5","19","Monday","FALSE","FALSE",,"2023-05-08","2026-04-13 18:53:38.378 UTC"
"09-05-2023","2023","5","19","Tuesday","FALSE","FALSE",,"2023-05-09","2026-04-13 18:53:38.378 UTC"
"10-05-2023","2023","5","19","Wednesday","FALSE","FALSE",,"2023-05-10","2026-04-13 18:53:38.378 UTC"
"11-05-2023","2023","5","19","Thursday","FALSE","FALSE",,"2023-05-11","2026-04-13 18:53:38.378 UTC"
"12-05-2023","2023","5","19","Friday","FALSE","FALSE",,"2023-05-12","2026-04-13 18:53:38.378 UTC"
"13-05-2023","2023","5","19","Saturday","TRUE","FALSE",,"2023-05-13","2026-04-13 18:53:38.378 UTC"
"14-05-2023","2023","5","19","Sunday","TRUE","FALSE",,"2023-05-14","2026-04-13 18:53:38.378 UTC"
"15-05-2023","2023","5","20","Monday","FALSE","FALSE",,"2023-05-15","2026-04-13 18:53:38.378 UTC"
"16-05-2023","2023","5","20","Tuesday","FALSE","FALSE",,"2023-05-16","2026-04-13 18:53:38.378 UTC"
"17-05-2023","2023","5","20","Wednesday","FALSE","FALSE",,"2023-05-17","2026-04-13 18:53:38.378 UTC"
"18-05-2023","2023","5","20","Thursday","FALSE","FALSE",,"2023-05-18","2026-04-13 18:53:38.378 UTC"
"19-05-2023","2023","5","20","Friday","FALSE","FALSE",,"2023-05-19","2026-04-13 18:53:38.378 UTC"
"20-05-2023","2023","5","20","Saturday","TRUE","FALSE",,"2023-05-20","2026-04-13 18:53:38.378 UTC"
"21-05-2023","2023","5","20","Sunday","TRUE","FALSE",,"2023-05-21","2026-04-13 18:53:38.378 UTC"
"22-05-2023","2023","5","21","Monday","FALSE","FALSE",,"2023-05-22","2026-04-13 18:53:38.378 UTC"
"23-05-2023","2023","5","21","Tuesday","FALSE","FALSE",,"2023-05-23","2026-04-13 18:53:38.378 UTC"
"24-05-2023","2023","5","21","Wednesday","FALSE","FALSE",,"2023-05-24","2026-04-13 18:53:38.378 UTC"
"25-05-2023","2023","5","21","Thursday","FALSE","FALSE",,"2023-05-25","2026-04-13 18:53:38.378 UTC"
"26-05-2023","2023","5","21","Friday","FALSE","FALSE",,"2023-05-26","2026-04-13 18:53:38.378 UTC"
"27-05-2023","2023","5","21","Saturday","TRUE","FALSE",,"2023-05-27","2026-04-13 18:53:38.378 UTC"
"28-05-2023","2023","5","21","Sunday","TRUE","FALSE",,"2023-05-28","2026-04-13 18:53:38.378 UTC"
"29-05-2023","2023","5","22","Monday","FALSE","TRUE","Memorial Day","2023-05-29","2026-04-13 18:53:38.378 UTC"
"30-05-2023","2023","5","22","Tuesday","FALSE","FALSE",,"2023-05-30","2026-04-13 18:53:38.378 UTC"
"31-05-2023","2023","5","22","Wednesday","FALSE","FALSE",,"2023-05-31","2026-04-13 18:53:38.378 UTC"
"01-06-2023","2023","6","22","Thursday","FALSE","FALSE",,"2023-06-01","2026-04-13 18:53:38.378 UTC"
"02-06-2023","2023","6","22","Friday","FALSE","FALSE",,"2023-06-02","2026-04-13 18:53:38.378 UTC"
"03-06-2023","2023","6","22","Saturday","TRUE","FALSE",,"2023-06-03","2026-04-13 18:53:38.378 UTC"
"04-06-2023","2023","6","22","Sunday","TRUE","FALSE",,"2023-06-04","2026-04-13 18:53:38.378 UTC"
"05-06-2023","2023","6","23","Monday","FALSE","FALSE",,"2023-06-05","2026-04-13 18:53:38.378 UTC"
"06-06-2023","2023","6","23","Tuesday","FALSE","FALSE",,"2023-06-06","2026-04-13 18:53:38.378 UTC"
"07-06-2023","2023","6","23","Wednesday","FALSE","FALSE",,"2023-06-07","2026-04-13 18:53:38.378 UTC"
"08-06-2023","2023","6","23","Thursday","FALSE","FALSE",,"2023-06-08","2026-04-13 18:53:38.378 UTC"
"09-06-2023","2023","6","23","Friday","FALSE","FALSE",,"2023-06-09","2026-04-13 18:53:38.378 UTC"
"10-06-2023","2023","6","23","Saturday","TRUE","FALSE",,"2023-06-10","2026-04-13 18:53:38.378 UTC"
"11-06-2023","2023","6","23","Sunday","TRUE","FALSE",,"2023-06-11","2026-04-13 18:53:38.378 UTC"
"12-06-2023","2023","6","24","Monday","FALSE","FALSE",,"2023-06-12","2026-04-13 18:53:38.378 UTC"
"13-06-2023","2023","6","24","Tuesday","FALSE","FALSE",,"2023-06-13","2026-04-13 18:53:38.378 UTC"
"14-06-2023","2023","6","24","Wednesday","FALSE","FALSE",,"2023-06-14","2026-04-13 18:53:38.378 UTC"
"15-06-2023","2023","6","24","Thursday","FALSE","FALSE",,"2023-06-15","2026-04-13 18:53:38.378 UTC"
"16-06-2023","2023","6","24","Friday","FALSE","FALSE",,"2023-06-16","2026-04-13 18:53:38.378 UTC"
"17-06-2023","2023","6","24","Saturday","TRUE","FALSE",,"2023-06-17","2026-04-13 18:53:38.378 UTC"
"18-06-2023","2023","6","24","Sunday","TRUE","FALSE",,"2023-06-18","2026-04-13 18:53:38.378 UTC"
"19-06-2023","2023","6","25","Monday","FALSE","TRUE","Juneteenth","2023-06-19","2026-04-13 18:53:38.378 UTC"
"20-06-2023","2023","6","25","Tuesday","FALSE","FALSE",,"2023-06-20","2026-04-13 18:53:38.378 UTC"
"21-06-2023","2023","6","25","Wednesday","FALSE","FALSE",,"2023-06-21","2026-04-13 18:53:38.378 UTC"
"22-06-2023","2023","6","25","Thursday","FALSE","FALSE",,"2023-06-22","2026-04-13 18:53:38.378 UTC"
"23-06-2023","2023","6","25","Friday","FALSE","FALSE",,"2023-06-23","2026-04-13 18:53:38.378 UTC"
"24-06-2023","2023","6","25","Saturday","TRUE","FALSE",,"2023-06-24","2026-04-13 18:53:38.378 UTC"
"25-06-2023","2023","6","25","Sunday","TRUE","FALSE",,"2023-06-25","2026-04-13 18:53:38.378 UTC"
"26-06-2023","2023","6","26","Monday","FALSE","FALSE",,"2023-06-26","2026-04-13 18:53:38.378 UTC"
"27-06-2023","2023","6","26","Tuesday","FALSE","FALSE",,"2023-06-27","2026-04-13 18:53:38.378 UTC"
"28-06-2023","2023","6","26","Wednesday","FALSE","FALSE",,"2023-06-28","2026-04-13 18:53:38.378 UTC"
"29-06-2023","2023","6","26","Thursday","FALSE","FALSE",,"2023-06-29","2026-04-13 18:53:38.378 UTC"
"30-06-2023","2023","6","26","Friday","FALSE","FALSE",,"2023-06-30","2026-04-13 18:53:38.378 UTC"
"01-07-2023","2023","7","26","Saturday","TRUE","FALSE",,"2023-07-01","2026-04-13 18:53:38.378 UTC"
"02-07-2023","2023","7","26","Sunday","TRUE","FALSE",,"2023-07-02","2026-04-13 18:53:38.378 UTC"
"03-07-2023","2023","7","27","Monday","FALSE","FALSE",,"2023-07-03","2026-04-13 18:53:38.378 UTC"
"04-07-2023","2023","7","27","Tuesday","FALSE","TRUE","Indep. Day","2023-07-04","2026-04-13 18:53:38.378 UTC"
"05-07-2023","2023","7","27","Wednesday","FALSE","FALSE",,"2023-07-05","2026-04-13 18:53:38.378 UTC"
"06-07-2023","2023","7","27","Thursday","FALSE","FALSE",,"2023-07-06","2026-04-13 18:53:38.378 UTC"
"07-07-2023","2023","7","27","Friday","FALSE","FALSE",,"2023-07-07","2026-04-13 18:53:38.378 UTC"
"08-07-2023","2023","7","27","Saturday","TRUE","FALSE",,"2023-07-08","2026-04-13 18:53:38.378 UTC"
"09-07-2023","2023","7","27","Sunday","TRUE","FALSE",,"2023-07-09","2026-04-13 18:53:38.378 UTC"
"10-07-2023","2023","7","28","Monday","FALSE","FALSE",,"2023-07-10","2026-04-13 18:53:38.378 UTC"
"11-07-2023","2023","7","28","Tuesday","FALSE","FALSE",,"2023-07-11","2026-04-13 18:53:38.378 UTC"
"12-07-2023","2023","7","28","Wednesday","FALSE","FALSE",,"2023-07-12","2026-04-13 18:53:38.378 UTC"
"13-07-2023","2023","7","28","Thursday","FALSE","FALSE",,"2023-07-13","2026-04-13 18:53:38.378 UTC"
"14-07-2023","2023","7","28","Friday","FALSE","FALSE",,"2023-07-14","2026-04-13 18:53:38.378 UTC"
"15-07-2023","2023","7","28","Saturday","TRUE","FALSE",,"2023-07-15","2026-04-13 18:53:38.378 UTC"
"16-07-2023","2023","7","28","Sunday","TRUE","FALSE",,"2023-07-16","2026-04-13 18:53:38.378 UTC"
"17-07-2023","2023","7","29","Monday","FALSE","FALSE",,"2023-07-17","2026-04-13 18:53:38.378 UTC"
"18-07-2023","2023","7","29","Tuesday","FALSE","FALSE",,"2023-07-18","2026-04-13 18:53:38.378 UTC"
"19-07-2023","2023","7","29","Wednesday","FALSE","FALSE",,"2023-07-19","2026-04-13 18:53:38.378 UTC"
"20-07-2023","2023","7","29","Thursday","FALSE","FALSE",,"2023-07-20","2026-04-13 18:53:38.378 UTC"
"21-07-2023","2023","7","29","Friday","FALSE","FALSE",,"2023-07-21","2026-04-13 18:53:38.378 UTC"
"22-07-2023","2023","7","29","Saturday","TRUE","FALSE",,"2023-07-22","2026-04-13 18:53:38.378 UTC"
"23-07-2023","2023","7","29","Sunday","TRUE","FALSE",,"2023-07-23","2026-04-13 18:53:38.378 UTC"
"24-07-2023","2023","7","30","Monday","FALSE","FALSE",,"2023-07-24","2026-04-13 18:53:38.378 UTC"
"25-07-2023","2023","7","30","Tuesday","FALSE","FALSE",,"2023-07-25","2026-04-13 18:53:38.378 UTC"
"26-07-2023","2023","7","30","Wednesday","FALSE","FALSE",,"2023-07-26","2026-04-13 18:53:38.378 UTC"
"27-07-2023","2023","7","30","Thursday","FALSE","FALSE",,"2023-07-27","2026-04-13 18:53:38.378 UTC"
"28-07-2023","2023","7","30","Friday","FALSE","FALSE",,"2023-07-28","2026-04-13 18:53:38.378 UTC"
"29-07-2023","2023","7","30","Saturday","TRUE","FALSE",,"2023-07-29","2026-04-13 18:53:38.378 UTC"
"30-07-2023","2023","7","30","Sunday","TRUE","FALSE",,"2023-07-30","2026-04-13 18:53:38.378 UTC"
"31-07-2023","2023","7","31","Monday","FALSE","FALSE",,"2023-07-31","2026-04-13 18:53:38.378 UTC"
"01-08-2023","2023","8","31","Tuesday","FALSE","FALSE",,"2023-08-01","2026-04-13 18:53:38.378 UTC"
"02-08-2023","2023","8","31","Wednesday","FALSE","FALSE",,"2023-08-02","2026-04-13 18:53:38.378 UTC"
"03-08-2023","2023","8","31","Thursday","FALSE","FALSE",,"2023-08-03","2026-04-13 18:53:38.378 UTC"
"04-08-2023","2023","8","31","Friday","FALSE","FALSE",,"2023-08-04","2026-04-13 18:53:38.378 UTC"
"05-08-2023","2023","8","31","Saturday","TRUE","FALSE",,"2023-08-05","2026-04-13 18:53:38.378 UTC"
"06-08-2023","2023","8","31","Sunday","TRUE","FALSE",,"2023-08-06","2026-04-13 18:53:38.378 UTC"
"07-08-2023","2023","8","32","Monday","FALSE","FALSE",,"2023-08-07","2026-04-13 18:53:38.378 UTC"
"08-08-2023","2023","8","32","Tuesday","FALSE","FALSE",,"2023-08-08","2026-04-13 18:53:38.378 UTC"
"09-08-2023","2023","8","32","Wednesday","FALSE","FALSE",,"2023-08-09","2026-04-13 18:53:38.378 UTC"
"10-08-2023","2023","8","32","Thursday","FALSE","FALSE",,"2023-08-10","2026-04-13 18:53:38.378 UTC"
"11-08-2023","2023","8","32","Friday","FALSE","FALSE",,"2023-08-11","2026-04-13 18:53:38.378 UTC"
"12-08-2023","2023","8","32","Saturday","TRUE","FALSE",,"2023-08-12","2026-04-13 18:53:38.378 UTC"
"13-08-2023","2023","8","32","Sunday","TRUE","FALSE",,"2023-08-13","2026-04-13 18:53:38.378 UTC"
"14-08-2023","2023","8","33","Monday","FALSE","FALSE",,"2023-08-14","2026-04-13 18:53:38.378 UTC"
"15-08-2023","2023","8","33","Tuesday","FALSE","FALSE",,"2023-08-15","2026-04-13 18:53:38.378 UTC"
"16-08-2023","2023","8","33","Wednesday","FALSE","FALSE",,"2023-08-16","2026-04-13 18:53:38.378 UTC"
"17-08-2023","2023","8","33","Thursday","FALSE","FALSE",,"2023-08-17","2026-04-13 18:53:38.378 UTC"
"18-08-2023","2023","8","33","Friday","FALSE","FALSE",,"2023-08-18","2026-04-13 18:53:38.378 UTC"
"19-08-2023","2023","8","33","Saturday","TRUE","FALSE",,"2023-08-19","2026-04-13 18:53:38.378 UTC"
"20-08-2023","2023","8","33","Sunday","TRUE","FALSE",,"2023-08-20","2026-04-13 18:53:38.378 UTC"
"21-08-2023","2023","8","34","Monday","FALSE","FALSE",,"2023-08-21","2026-04-13 18:53:38.378 UTC"
"22-08-2023","2023","8","34","Tuesday","FALSE","FALSE",,"2023-08-22","2026-04-13 18:53:38.378 UTC"
"23-08-2023","2023","8","34","Wednesday","FALSE","FALSE",,"2023-08-23","2026-04-13 18:53:38.378 UTC"
"24-08-2023","2023","8","34","Thursday","FALSE","FALSE",,"2023-08-24","2026-04-13 18:53:38.378 UTC"
"25-08-2023","2023","8","34","Friday","FALSE","FALSE",,"2023-08-25","2026-04-13 18:53:38.378 UTC"
"26-08-2023","2023","8","34","Saturday","TRUE","FALSE",,"2023-08-26","2026-04-13 18:53:38.378 UTC"
"27-08-2023","2023","8","34","Sunday","TRUE","FALSE",,"2023-08-27","2026-04-13 18:53:38.378 UTC"
"28-08-2023","2023","8","35","Monday","FALSE","FALSE",,"2023-08-28","2026-04-13 18:53:38.378 UTC"
"29-08-2023","2023","8","35","Tuesday","FALSE","FALSE",,"2023-08-29","2026-04-13 18:53:38.378 UTC"
"30-08-2023","2023","8","35","Wednesday","FALSE","FALSE",,"2023-08-30","2026-04-13 18:53:38.378 UTC"
"31-08-2023","2023","8","35","Thursday","FALSE","FALSE",,"2023-08-31","2026-04-13 18:53:38.378 UTC"
"01-09-2023","2023","9","35","Friday","FALSE","FALSE",,"2023-09-01","2026-04-13 18:53:38.378 UTC"
"02-09-2023","2023","9","35","Saturday","TRUE","FALSE",,"2023-09-02","2026-04-13 18:53:38.378 UTC"
"03-09-2023","2023","9","35","Sunday","TRUE","FALSE",,"2023-09-03","2026-04-13 18:53:38.378 UTC"
"04-09-2023","2023","9","36","Monday","FALSE","TRUE","Labor Day","2023-09-04","2026-04-13 18:53:38.378 UTC"
"05-09-2023","2023","9","36","Tuesday","FALSE","FALSE",,"2023-09-05","2026-04-13 18:53:38.378 UTC"
"06-09-2023","2023","9","36","Wednesday","FALSE","FALSE",,"2023-09-06","2026-04-13 18:53:38.378 UTC"
"07-09-2023","2023","9","36","Thursday","FALSE","FALSE",,"2023-09-07","2026-04-13 18:53:38.378 UTC"
"08-09-2023","2023","9","36","Friday","FALSE","FALSE",,"2023-09-08","2026-04-13 18:53:38.378 UTC"
"09-09-2023","2023","9","36","Saturday","TRUE","FALSE",,"2023-09-09","2026-04-13 18:53:38.378 UTC"
"10-09-2023","2023","9","36","Sunday","TRUE","FALSE",,"2023-09-10","2026-04-13 18:53:38.378 UTC"
"11-09-2023","2023","9","37","Monday","FALSE","FALSE",,"2023-09-11","2026-04-13 18:53:38.378 UTC"
"12-09-2023","2023","9","37","Tuesday","FALSE","FALSE",,"2023-09-12","2026-04-13 18:53:38.378 UTC"
"13-09-2023","2023","9","37","Wednesday","FALSE","FALSE",,"2023-09-13","2026-04-13 18:53:38.378 UTC"
"14-09-2023","2023","9","37","Thursday","FALSE","FALSE",,"2023-09-14","2026-04-13 18:53:38.378 UTC"
"15-09-2023","2023","9","37","Friday","FALSE","FALSE",,"2023-09-15","2026-04-13 18:53:38.378 UTC"
"16-09-2023","2023","9","37","Saturday","TRUE","FALSE",,"2023-09-16","2026-04-13 18:53:38.378 UTC"
"17-09-2023","2023","9","37","Sunday","TRUE","FALSE",,"2023-09-17","2026-04-13 18:53:38.378 UTC"
"18-09-2023","2023","9","38","Monday","FALSE","FALSE",,"2023-09-18","2026-04-13 18:53:38.378 UTC"
"19-09-2023","2023","9","38","Tuesday","FALSE","FALSE",,"2023-09-19","2026-04-13 18:53:38.378 UTC"
"20-09-2023","2023","9","38","Wednesday","FALSE","FALSE",,"2023-09-20","2026-04-13 18:53:38.378 UTC"
"21-09-2023","2023","9","38","Thursday","FALSE","FALSE",,"2023-09-21","2026-04-13 18:53:38.378 UTC"
"22-09-2023","2023","9","38","Friday","FALSE","FALSE",,"2023-09-22","2026-04-13 18:53:38.378 UTC"
"23-09-2023","2023","9","38","Saturday","TRUE","FALSE",,"2023-09-23","2026-04-13 18:53:38.378 UTC"
"24-09-2023","2023","9","38","Sunday","TRUE","FALSE",,"2023-09-24","2026-04-13 18:53:38.378 UTC"
"25-09-2023","2023","9","39","Monday","FALSE","FALSE",,"2023-09-25","2026-04-13 18:53:38.378 UTC"
"26-09-2023","2023","9","39","Tuesday","FALSE","FALSE",,"2023-09-26","2026-04-13 18:53:38.378 UTC"
"27-09-2023","2023","9","39","Wednesday","FALSE","FALSE",,"2023-09-27","2026-04-13 18:53:38.378 UTC"
"28-09-2023","2023","9","39","Thursday","FALSE","FALSE",,"2023-09-28","2026-04-13 18:53:38.378 UTC"
"29-09-2023","2023","9","39","Friday","FALSE","FALSE",,"2023-09-29","2026-04-13 18:53:38.378 UTC"
"30-09-2023","2023","9","39","Saturday","TRUE","FALSE",,"2023-09-30","2026-04-13 18:53:38.378 UTC"
"01-10-2023","2023","10","39","Sunday","TRUE","FALSE",,"2023-10-01","2026-04-13 18:53:38.378 UTC"
"02-10-2023","2023","10","40","Monday","FALSE","FALSE",,"2023-10-02","2026-04-13 18:53:38.378 UTC"
"03-10-2023","2023","10","40","Tuesday","FALSE","FALSE",,"2023-10-03","2026-04-13 18:53:38.378 UTC"
"04-10-2023","2023","10","40","Wednesday","FALSE","FALSE",,"2023-10-04","2026-04-13 18:53:38.378 UTC"
"05-10-2023","2023","10","40","Thursday","FALSE","FALSE",,"2023-10-05","2026-04-13 18:53:38.378 UTC"
"06-10-2023","2023","10","40","Friday","FALSE","FALSE",,"2023-10-06","2026-04-13 18:53:38.378 UTC"
"07-10-2023","2023","10","40","Saturday","TRUE","FALSE",,"2023-10-07","2026-04-13 18:53:38.378 UTC"
"08-10-2023","2023","10","40","Sunday","TRUE","FALSE",,"2023-10-08","2026-04-13 18:53:38.378 UTC"
"09-10-2023","2023","10","41","Monday","FALSE","TRUE","Columbus Day","2023-10-09","2026-04-13 18:53:38.378 UTC"
"10-10-2023","2023","10","41","Tuesday","FALSE","FALSE",,"2023-10-10","2026-04-13 18:53:38.378 UTC"
"11-10-2023","2023","10","41","Wednesday","FALSE","FALSE",,"2023-10-11","2026-04-13 18:53:38.378 UTC"
"12-10-2023","2023","10","41","Thursday","FALSE","FALSE",,"2023-10-12","2026-04-13 18:53:38.378 UTC"
"13-10-2023","2023","10","41","Friday","FALSE","FALSE",,"2023-10-13","2026-04-13 18:53:38.378 UTC"
"14-10-2023","2023","10","41","Saturday","TRUE","FALSE",,"2023-10-14","2026-04-13 18:53:38.378 UTC"
"15-10-2023","2023","10","41","Sunday","TRUE","FALSE",,"2023-10-15","2026-04-13 18:53:38.378 UTC"
"16-10-2023","2023","10","42","Monday","FALSE","FALSE",,"2023-10-16","2026-04-13 18:53:38.378 UTC"
"17-10-2023","2023","10","42","Tuesday","FALSE","FALSE",,"2023-10-17","2026-04-13 18:53:38.378 UTC"
"18-10-2023","2023","10","42","Wednesday","FALSE","FALSE",,"2023-10-18","2026-04-13 18:53:38.378 UTC"
"19-10-2023","2023","10","42","Thursday","FALSE","FALSE",,"2023-10-19","2026-04-13 18:53:38.378 UTC"
"20-10-2023","2023","10","42","Friday","FALSE","FALSE",,"2023-10-20","2026-04-13 18:53:38.378 UTC"
"21-10-2023","2023","10","42","Saturday","TRUE","FALSE",,"2023-10-21","2026-04-13 18:53:38.378 UTC"
"22-10-2023","2023","10","42","Sunday","TRUE","FALSE",,"2023-10-22","2026-04-13 18:53:38.378 UTC"
"23-10-2023","2023","10","43","Monday","FALSE","FALSE",,"2023-10-23","2026-04-13 18:53:38.378 UTC"
"24-10-2023","2023","10","43","Tuesday","FALSE","FALSE",,"2023-10-24","2026-04-13 18:53:38.378 UTC"
"25-10-2023","2023","10","43","Wednesday","FALSE","FALSE",,"2023-10-25","2026-04-13 18:53:38.378 UTC"
"26-10-2023","2023","10","43","Thursday","FALSE","FALSE",,"2023-10-26","2026-04-13 18:53:38.378 UTC"
"27-10-2023","2023","10","43","Friday","FALSE","FALSE",,"2023-10-27","2026-04-13 18:53:38.378 UTC"
"28-10-2023","2023","10","43","Saturday","TRUE","FALSE",,"2023-10-28","2026-04-13 18:53:38.378 UTC"
"29-10-2023","2023","10","43","Sunday","TRUE","FALSE",,"2023-10-29","2026-04-13 18:53:38.378 UTC"
"30-10-2023","2023","10","44","Monday","FALSE","FALSE",,"2023-10-30","2026-04-13 18:53:38.378 UTC"
"31-10-2023","2023","10","44","Tuesday","FALSE","FALSE",,"2023-10-31","2026-04-13 18:53:38.378 UTC"
"01-11-2023","2023","11","44","Wednesday","FALSE","FALSE",,"2023-11-01","2026-04-13 18:53:38.378 UTC"
"02-11-2023","2023","11","44","Thursday","FALSE","FALSE",,"2023-11-02","2026-04-13 18:53:38.378 UTC"
"03-11-2023","2023","11","44","Friday","FALSE","FALSE",,"2023-11-03","2026-04-13 18:53:38.378 UTC"
"04-11-2023","2023","11","44","Saturday","TRUE","FALSE",,"2023-11-04","2026-04-13 18:53:38.378 UTC"
"05-11-2023","2023","11","44","Sunday","TRUE","FALSE",,"2023-11-05","2026-04-13 18:53:38.378 UTC"
"06-11-2023","2023","11","45","Monday","FALSE","FALSE",,"2023-11-06","2026-04-13 18:53:38.378 UTC"
"07-11-2023","2023","11","45","Tuesday","FALSE","FALSE",,"2023-11-07","2026-04-13 18:53:38.378 UTC"
"08-11-2023","2023","11","45","Wednesday","FALSE","FALSE",,"2023-11-08","2026-04-13 18:53:38.378 UTC"
"09-11-2023","2023","11","45","Thursday","FALSE","FALSE",,"2023-11-09","2026-04-13 18:53:38.378 UTC"
"10-11-2023","2023","11","45","Friday","FALSE","FALSE",,"2023-11-10","2026-04-13 18:53:38.378 UTC"
"11-11-2023","2023","11","45","Saturday","TRUE","TRUE","Veterans Day","2023-11-11","2026-04-13 18:53:38.378 UTC"
"12-11-2023","2023","11","45","Sunday","TRUE","FALSE",,"2023-11-12","2026-04-13 18:53:38.378 UTC"
"13-11-2023","2023","11","46","Monday","FALSE","FALSE",,"2023-11-13","2026-04-13 18:53:38.378 UTC"
"14-11-2023","2023","11","46","Tuesday","FALSE","FALSE",,"2023-11-14","2026-04-13 18:53:38.378 UTC"
"15-11-2023","2023","11","46","Wednesday","FALSE","FALSE",,"2023-11-15","2026-04-13 18:53:38.378 UTC"
"16-11-2023","2023","11","46","Thursday","FALSE","FALSE",,"2023-11-16","2026-04-13 18:53:38.378 UTC"
"17-11-2023","2023","11","46","Friday","FALSE","FALSE",,"2023-11-17","2026-04-13 18:53:38.378 UTC"
"18-11-2023","2023","11","46","Saturday","TRUE","FALSE",,"2023-11-18","2026-04-13 18:53:38.378 UTC"
"19-11-2023","2023","11","46","Sunday","TRUE","FALSE",,"2023-11-19","2026-04-13 18:53:38.378 UTC"
"20-11-2023","2023","11","47","Monday","FALSE","FALSE",,"2023-11-20","2026-04-13 18:53:38.378 UTC"
"21-11-2023","2023","11","47","Tuesday","FALSE","FALSE",,"2023-11-21","2026-04-13 18:53:38.378 UTC"
"22-11-2023","2023","11","47","Wednesday","FALSE","FALSE",,"2023-11-22","2026-04-13 18:53:38.378 UTC"
"23-11-2023","2023","11","47","Thursday","FALSE","TRUE","Thanksgiving Day","2023-11-23","2026-04-13 18:53:38.378 UTC"
"24-11-2023","2023","11","47","Friday","FALSE","FALSE",,"2023-11-24","2026-04-13 18:53:38.378 UTC"
"25-11-2023","2023","11","47","Saturday","TRUE","FALSE",,"2023-11-25","2026-04-13 18:53:38.378 UTC"
"26-11-2023","2023","11","47","Sunday","TRUE","FALSE",,"2023-11-26","2026-04-13 18:53:38.378 UTC"
"27-11-2023","2023","11","48","Monday","FALSE","FALSE",,"2023-11-27","2026-04-13 18:53:38.378 UTC"
"28-11-2023","2023","11","48","Tuesday","FALSE","FALSE",,"2023-11-28","2026-04-13 18:53:38.378 UTC"
"29-11-2023","2023","11","48","Wednesday","FALSE","FALSE",,"2023-11-29","2026-04-13 18:53:38.378 UTC"
"30-11-2023","2023","11","48","Thursday","FALSE","FALSE",,"2023-11-30","2026-04-13 18:53:38.378 UTC"
"01-12-2023","2023","12","48","Friday","FALSE","FALSE",,"2023-12-01","2026-04-13 18:53:38.378 UTC"
"02-12-2023","2023","12","48","Saturday","TRUE","FALSE",,"2023-12-02","2026-04-13 18:53:38.378 UTC"
"03-12-2023","2023","12","48","Sunday","TRUE","FALSE",,"2023-12-03","2026-04-13 18:53:38.378 UTC"
"04-12-2023","2023","12","49","Monday","FALSE","FALSE",,"2023-12-04","2026-04-13 18:53:38.378 UTC"
"05-12-2023","2023","12","49","Tuesday","FALSE","FALSE",,"2023-12-05","2026-04-13 18:53:38.378 UTC"
"06-12-2023","2023","12","49","Wednesday","FALSE","FALSE",,"2023-12-06","2026-04-13 18:53:38.378 UTC"
"07-12-2023","2023","12","49","Thursday","FALSE","FALSE",,"2023-12-07","2026-04-13 18:53:38.378 UTC"
"08-12-2023","2023","12","49","Friday","FALSE","FALSE",,"2023-12-08","2026-04-13 18:53:38.378 UTC"
"09-12-2023","2023","12","49","Saturday","TRUE","FALSE",,"2023-12-09","2026-04-13 18:53:38.378 UTC"
"10-12-2023","2023","12","49","Sunday","TRUE","FALSE",,"2023-12-10","2026-04-13 18:53:38.378 UTC"
"11-12-2023","2023","12","50","Monday","FALSE","FALSE",,"2023-12-11","2026-04-13 18:53:38.378 UTC"
"12-12-2023","2023","12","50","Tuesday","FALSE","FALSE",,"2023-12-12","2026-04-13 18:53:38.378 UTC"
"13-12-2023","2023","12","50","Wednesday","FALSE","FALSE",,"2023-12-13","2026-04-13 18:53:38.378 UTC"
"14-12-2023","2023","12","50","Thursday","FALSE","FALSE",,"2023-12-14","2026-04-13 18:53:38.378 UTC"
"15-12-2023","2023","12","50","Friday","FALSE","FALSE",,"2023-12-15","2026-04-13 18:53:38.378 UTC"
"16-12-2023","2023","12","50","Saturday","TRUE","FALSE",,"2023-12-16","2026-04-13 18:53:38.378 UTC"
"17-12-2023","2023","12","50","Sunday","TRUE","FALSE",,"2023-12-17","2026-04-13 18:53:38.378 UTC"
"18-12-2023","2023","12","51","Monday","FALSE","FALSE",,"2023-12-18","2026-04-13 18:53:38.378 UTC"
"19-12-2023","2023","12","51","Tuesday","FALSE","FALSE",,"2023-12-19","2026-04-13 18:53:38.378 UTC"
"20-12-2023","2023","12","51","Wednesday","FALSE","FALSE",,"2023-12-20","2026-04-13 18:53:38.378 UTC"
"21-12-2023","2023","12","51","Thursday","FALSE","FALSE",,"2023-12-21","2026-04-13 18:53:38.378 UTC"
"22-12-2023","2023","12","51","Friday","FALSE","FALSE",,"2023-12-22","2026-04-13 18:53:38.378 UTC"
"23-12-2023","2023","12","51","Saturday","TRUE","FALSE",,"2023-12-23","2026-04-13 18:53:38.378 UTC"
"24-12-2023","2023","12","51","Sunday","TRUE","FALSE",,"2023-12-24","2026-04-13 18:53:38.378 UTC"
"25-12-2023","2023","12","52","Monday","FALSE","TRUE","Christmas","2023-12-25","2026-04-13 18:53:38.378 UTC"
"26-12-2023","2023","12","52","Tuesday","FALSE","FALSE",,"2023-12-26","2026-04-13 18:53:38.378 UTC"
"27-12-2023","2023","12","52","Wednesday","FALSE","FALSE",,"2023-12-27","2026-04-13 18:53:38.378 UTC"
"28-12-2023","2023","12","52","Thursday","FALSE","FALSE",,"2023-12-28","2026-04-13 18:53:38.378 UTC"
"29-12-2023","2023","12","52","Friday","FALSE","FALSE",,"2023-12-29","2026-04-13 18:53:38.378 UTC"
"30-12-2023","2023","12","52","Saturday","TRUE","FALSE",,"2023-12-30","2026-04-13 18:53:38.378 UTC"
"31-12-2023","2023","12","52","Sunday","TRUE","FALSE",,"2023-12-31","2026-04-13 18:53:38.378 UTC"
